PLAYER,TEAM,AGE,HEIGHT,WEIGHT,COLLEGE,COUNTRY,DRAFT YEAR,DRAFT ROUND,DRAFT NUMBER,GP,PTS,REB,AST,NETRTG,OREB%,DREB%,USG%,TS%,AST%
Zaza Pachulia,DAL,32,6-11,275,None,Georgia,2003,2,42,76,650,718,128,0.1,12.40%,23.70%,16.30%,55.00%,10.10%
Zach Randolph,MEM,34,6-9,260,Michigan State,USA,2001,1,19,68,"1,040.00",529,142,-1.1,8.80%,18.70%,24.70%,51.90%,12.50%
Zach LaVine,MIN,21,6-5,189,UCLA,USA,2014,1,13,82,"1,150.00",228,251,-6.2,1.20%,8.90%,22.80%,54.80%,18.70%
Xavier Munford,MEM,24,6-3,180,Rhode Island,USA,2014,,,14,80,31,22,-5.1,1.10%,12.90%,16.80%,48.10%,13.60%
Willie Reed,BKN,26,6-10,220,St. Louis,USA,2011,0,0,39,182.00,122,10,-7.2,11.30%,17.40%,17.50%,57.90%,3.90%
Willie Cauley-Stein,SAC,22,7-0,240,Kentucky,USA,2015,1,6,66,463,352,37,-1.2,9.40%,15.00%,13.10%,58.80%,3.80%
Will Barton,DEN,25,6-6,175,Memphis,USA,2012,2,40,82,"1,178.00",476,203,-3.1,2.40%,17.70%,22.60%,53.50%,14.70%
Wesley Matthews,DAL,29,6-5,220,Marquette,USA,Undrafted,Undrafted,Undrafted,78,977,238,151,2,1.00%,8.00%,17.10%,53.20%,8.80%
Wesley Johnson,LAC,28,6-7,215,Syracuse,USA,2010,1,4,80,549,248,49,2.7,2.20%,12.10%,15.30%,51.30%,4.50%
Wayne Ellington,BKN,28,6-4,200,North Carolina,USA,2009,1,28,76,586,174,83,-10,1.20%,9.60%,17.20%,49.80%,8.20%
Vince Carter,MEM,39,6-6,220,North Carolina,USA,1998,1,5,60,395,146,56,-1.6,2.90%,11.70%,17.70%,52.00%,8.90%
Victor Oladipo,ORL,24,6-4,210,Indiana,USA,2013,1,2,72,"1,153.00",345,282,-0.4,2.00%,12.10%,22.40%,53.40%,18.20%
Udonis Haslem,MIA,36,6-8,235,Florida,USA,Undrafted,Undrafted,Undrafted,37,59,75,14,-3.1,4.30%,26.00%,13.10%,43.40%,8.00%
Tyus Jones,MIN,20,6-2,195,Duke,USA,2015,1,24,37,156,47,108,-10.7,1.20%,7.30%,15.10%,45.00%,27.80%
Tyson Chandler,PHX,33,7-1,240,None,USA,2001,1,2,66,472,576,64,-11.5,10.30%,25.10%,12.60%,60.60%,6.40%
Tyreke Evans,NOP,26,6-6,220,Memphis,USA,2009,1,4,25,379,129,164,-0.3,2.60%,14.20%,25.40%,53.40%,36.60%
Tyler Zeller,BOS,26,7-0,253,North Carolina,USA,2012,1,17,60,364,178,29,-4.3,8.00%,14.80%,22.50%,53.90%,7.30%
Tyler Johnson,MIA,24,6-4,186,Fresno State,USA,Undrafted,Undrafted,Undrafted,36,314,109,79,0.7,3.40%,9.10%,16.70%,57.90%,15.10%
Tyler Hansbrough,CHA,30,6-9,250,North Carolina,USA,2009,1,13,44,104.00,89.00,8,-4.1,10.80%,14.80%,14.40%,52.20%,3.80%
Tyler Ennis,MIL,21,6-3,194,Syracuse,Canada,2014,1,18,46,206,75,95,-5.8,2.00%,9.70%,16.80%,51.00%,22.50%
Ty Lawson,IND,28,5-11,195,North Carolina,USA,2009,1,18,66,373,120,237,-5.7,1.70%,6.40%,14.50%,47.60%,25.10%
Troy Daniels,CHA,24,6-4,205,Va Commonwealth,USA,Undrafted,Undrafted,Undrafted,43,242,57,21,-5.1,1.40%,10.30%,19.50%,63.40%,8.30%
Tristan Thompson,CLE,25,6-9,238,Texas-Austin,Canada,2011,1,4,82,643,738,62,8.7,11.60%,20.90%,11.40%,61.10%,4.00%
Trey Lyles,UTA,20,6-10,234,Kentucky,Canada,2015,1,12,80,488,299,59,-1.7,4.30%,18.00%,17.80%,51.70%,7.20%
Trey Burke,UTA,23,6-1,191,Michigan,USA,2013,1,9,64,679,112,148,-0.4,1.30%,7.00%,24.20%,50.70%,20.10%
Trevor Booker,UTA,28,6-8,228,Clemson,USA,2010,1,23,79,463,452,83,3.5,10.20%,17.80%,14.10%,53.30%,8.30%
Trevor Ariza,HOU,31,6-8,215,UCLA,USA,2004,2,43,81,"1,025.00",366,188,0.3,2.30%,10.60%,15.60%,55.10%,10.00%
Tony Wroten,NYK,23,6-6,205,Washington,USA,2012,1,25,8,67,21,20,-23.1,1.30%,13.00%,32.00%,41.20%,27.40%
Tony Snell,CHI,24,6-7,200,New Mexico,USA,2013,1,20,64,338,199,63,4.1,1.40%,11.70%,13.40%,47.80%,7.00%
Tony Parker,SAS,34,6-2,185,None,France,2001,1,28,72,857.00,176,379,10.7,0.90%,8.00%,21.10%,54.60%,29.40%
Tony Allen,MEM,34,6-4,213,Oklahoma State,USA,2004,1,25,64,535,296,70,-1.4,6.30%,12.80%,16.70%,50.50%,6.80%
Toney Douglas,NOP,30,6-2,195,Florida State,USA,2009,1,29,61,531,143,157,-5.1,1.90%,9.90%,18.90%,54.30%,18.80%
Tobias Harris,DET,23,6-9,235,Tennessee,USA,2011,1,19,76,"1,116.00",510,169,0.5,3.80%,16.60%,19.20%,56.00%,10.60%
Timofey Mozgov,CLE,29,7-1,275,None,Russia,Undrafted,Undrafted,Undrafted,76,475,337,33,0.6,8.70%,16.80%,16.00%,59.30%,3.90%
Tim Hardaway Jr.,ATL,24,6-6,205,Michigan,USA,2013,1,24,51,326,86,51,6.6,0.80%,8.40%,15.90%,56.30%,8.90%
Tim Frazier,NOP,25,6-1,170,Penn State,USA,Undrafted,Undrafted,Undrafted,51,261,110,162,-1.8,3.50%,11.10%,19.20%,49.90%,33.90%
Tim Duncan,SAS,40,6-11,250,Wake Forest,US Virgin Isl...,1997,1,1,61,522.00,447,163,13.6,7.90%,21.20%,17.10%,52.30%,15.30%
Tibor Pleiss,UTA,26,7-3,256,None,Germany,2010,2,31,12,24,15,2,-10.4,8.70%,11.80%,18.60%,46.40%,4.30%
Tiago Splitter,ATL,31,6-11,245,None,Brazil,2007,1,28,36,201,120,30,8.3,8.10%,12.60%,15.00%,57.10%,7.70%
Thomas Robinson,BKN,25,6-10,237,Kansas,USA,2012,1,5,71,307,359,46,-13.6,13.40%,25.50%,18.60%,45.30%,8.00%
Thanasis Antetokounmpo,NYK,23,6-7,205,None,Greece,2014,2,51,2,6,1,0,-35.2,0.00%,11.10%,28.60%,75.00%,0.00%
Thaddeus Young,BKN,28,6-8,221,Georgia Tech,USA,2007,1,12,73,"1,102.00",660,136,-4.6,7.60%,20.80%,21.70%,53.30%,9.40%
Thabo Sefolosha,ATL,32,6-7,220,None,Switzerland,2006,1,13,75,480,334,107,1.5,3.00%,15.00%,12.10%,57.90%,9.30%
Terry Rozier,BOS,22,6-2,190,Louisville,USA,2015,1,16,39,72,63,37,-7.5,6.20%,11.80%,16.80%,32.60%,19.90%
Terrence Ross,TOR,25,6-7,195,Washington,USA,2012,1,8,73,720,185,56,6,1.20%,9.20%,17.80%,55.10%,5.30%
Terrence Jones,HOU,24,6-9,252,Kentucky,USA,2012,1,18,50,434,211,41,-10.3,5.60%,14.80%,19.00%,51.90%,6.90%
Tayshaun Prince,MIN,36,6-9,212,Kentucky,USA,2002,1,23,77,221,147,74,-4,2.20%,7.80%,8.10%,46.60%,7.30%
Tarik Black,LAL,24,6-9,250,Kansas,USA,Undrafted,Undrafted,Undrafted,39,133,157,16,3.4,8.60%,22.80%,13.00%,53.70%,5.30%
Taj Gibson,CHI,31,6-9,225,USC,USA,2009,1,26,73,627,504,106,-3.1,10.40%,14.00%,14.40%,55.60%,8.30%
T.J. Warren,PHX,22,6-8,230,North Carolina State,USA,2014,1,14,47,515,147,44,-4.7,5.00%,8.80%,19.50%,54.90%,6.80%
T.J. McConnell,PHI,24,6-2,200,Arizona,USA,2015,0,,81,493,250,367,-8.1,2.60%,13.40%,16.70%,51.10%,36.00%
Steven Adams,OKC,22,7-0,255,Pittsburgh,New Zealand,2013,1,12,80,636.00,533,62,11.9,10.90%,14.20%,12.50%,62.10%,4.20%
Steve Novak,MIL,33,6-10,225,Marquette,USA,2006,2,32,10,24,5,0,1.9,0.00%,9.60%,16.20%,65.10%,0.00%
Steve Blake,DET,36,6-3,172,Maryland,USA,2003,2,38,58,254,89,200,-3.3,0.80%,8.30%,14.30%,51.00%,31.10%
Stephen Curry,GSW,28,6-3,190,Davidson,USA,2009,1,7,79,"2,375.00",430,527,17.7,2.60%,11.70%,31.40%,66.90%,31.50%
Stanley Johnson,DET,20,6-7,245,Arizona,USA,2015,1,8,73,593.00,306,118,-3.6,3.10%,14.70%,19.10%,46.00%,11.30%
Spencer Hawes,CHA,28,7-1,245,Washington,USA,2007,1,10,57,340,244,109,1.8,4.70%,17.50%,16.80%,50.80%,17.10%
Spencer Dinwiddie,CHI,23,6-6,200,Colorado,USA,2014,2,38,12,58,17,22,-19.1,2.10%,8.30%,20.70%,42.30%,29.70%
Sonny Weems,PHX,29,6-6,205,Arkansas,USA,2008,2,39,43,107,53,49,-8.1,1.20%,9.80%,12.90%,45.90%,14.80%
Solomon Hill,IND,25,6-7,225,Arizona,USA,2013,1,23,59,246,166,57,3.7,4.30%,13.60%,12.80%,54.30%,9.30%
Shelvin Mack,UTA,26,6-3,203,Butler,USA,2011,2,34,52,448,128,187,4.9,1.30%,11.10%,22.90%,50.70%,29.20%
Shayne Whittington,IND,25,6-11,250,Western Michigan,USA,Undrafted,Undrafted,Undrafted,7,11.00,12,3,-8.1,10.60%,17.10%,17.20%,46.30%,12.00%
Shaun Livingston,GSW,30,6-7,192,None,USA,2004,1,4,78,488,169,237,6.8,2.80%,7.80%,14.00%,58.10%,22.20%
Shane Larkin,BKN,23,5-11,175,Miami,USA,2013,1,18,78,566,180,342,-9.7,1.60%,9.20%,17.20%,51.50%,30.00%
Shabazz Napier,ORL,24,6-1,175,Connecticut,USA,2014,1,24,55,203,55,97,-4.6,1.50%,7.70%,19.60%,46.00%,25.30%
Shabazz Muhammad,MIN,23,6-6,223,UCLA,USA,2013,1,14,82,863,267,52,-7.8,6.20%,10.20%,22.20%,54.80%,5.50%
Seth Curry,SAC,25,6-2,185,Duke,USA,Undrafted,Undrafted,Undrafted,44,299.00,60,67,-2.3,1.30%,7.10%,17.20%,60.30%,14.80%
Sergey Karasev,BKN,22,6-7,208,None,Russia,2013,1,19,40,97,58,35,0.3,2.20%,13.10%,11.70%,56.20%,11.40%
Serge Ibaka,OKC,26,6-10,245,None,Republic of t...,2008,1,24,78,983,533,66,10.2,5.70%,14.30%,17.40%,53.30%,3.70%
Sean Kilpatrick,BKN,26,6-4,219,Cincinnati,USA,Undrafted,Undrafted,Undrafted,31,345,56,29,-11,1.80%,7.40%,22.70%,57.60%,7.80%
Sasha Vujacic,NYK,32,6-7,195,None,Slovenia,2004,1,27,61,296,149,84,-1.4,2.60%,13.20%,15.90%,50.30%,14.60%
Sasha Kaun,CLE,31,6-11,260,Kansas,Russia,2008,2,56,25,23,26,3,-6.8,12.10%,13.70%,11.90%,52.70%,5.20%
Sam Dekker,HOU,22,6-9,230,Wisconsin,USA,2015,1,18,3,0,1,0,1.6,0.00%,16.70%,0.00%,0.00%,0.00%
Salah Mejri,DAL,30,7-2,245,None,Tunisia,Undrafted,Undrafted,Undrafted,34,125.00,123,10,5.5,10.50%,19.00%,13.80%,63.60%,3.80%
Ryan Kelly,LAL,25,6-11,230,Duke,USA,2013,2,48,36,152,121,20,1.2,4.00%,20.20%,17.30%,44.00%,7.00%
Ryan Hollins,MEM,31,7-0,240,UCLA,USA,2006,2,50,37,124,98,10,-14.7,9.30%,12.40%,11.60%,63.60%,3.40%
Ryan Anderson,NOP,28,6-10,240,California,USA,2008,1,21,66,"1,124.00",396,73,0.2,6.20%,13.60%,23.80%,54.60%,5.90%
Russell Westbrook,OKC,27,6-3,200,UCLA,USA,2008,1,4,80,"1,878.00",626,834,11.3,5.40%,16.00%,31.10%,55.40%,46.80%
Russ Smith,MEM,25,6-0,165,Louisville,USA,2014,2,47,15,23.00,9,11,-25.3,1.50%,12.90%,21.90%,41.50%,31.40%
Rudy Gobert,UTA,24,7-1,245,None,France,2013,1,27,61,557,668,91,4.9,11.50%,24.20%,14.30%,58.20%,7.30%
Rudy Gay,SAC,29,6-8,230,Connecticut,USA,2006,1,8,70,"1,204.00",456,120,-1.5,4.30%,14.50%,22.20%,53.80%,7.80%
Roy Hibbert,LAL,29,7-2,270,Georgetown,USA,2008,1,17,81,481,398,95,-17.9,6.40%,13.90%,13.00%,50.70%,8.20%
Ronnie Price,PHX,33,6-2,190,Utah Valley,USA,Undrafted,Undrafted,Undrafted,62,331,99,147,-2.3,1.90%,6.00%,13.50%,51.70%,18.70%
Rondae Hollis-Jefferson,BKN,21,6-7,220,Arizona,USA,2015,1,23,29,167,154,43,-3.2,6.10%,17.90%,13.10%,51.90%,10.00%
Rodney Stuckey,IND,30,6-5,205,Eastern Washington,USA,2007,1,15,58,517,156,142,-0.3,1.50%,10.30%,20.20%,50.40%,17.90%
Rodney Hood,UTA,23,6-8,206,Duke,USA,2014,1,23,79,"1,149.00",267,213,3.1,1.60%,9.50%,21.50%,54.20%,14.20%
Robin Lopez,NYK,28,7-0,255,Stanford,USA,2008,1,15,82,842,602,114,-2.2,12.00%,14.50%,17.40%,57.40%,8.30%
Robert Sacre,LAL,27,7-0,270,Gonzaga,Canada,2012,2,60,25,87,72,14,-4.1,8.60%,12.40%,13.90%,47.40%,7.20%
Robert Covington,PHI,25,6-9,215,Tennessee State,USA,Undrafted,Undrafted,Undrafted,67,858,419,97,-7,3.10%,18.70%,20.90%,54.30%,8.30%
Ricky Rubio,MIN,25,6-4,194,None,Spain,2009,1,5,76,766,326,658,0.5,1.80%,12.40%,17.30%,52.90%,40.20%
Richaun Holmes,PHI,22,6-10,245,Bowling Green,USA,2015,2,37,51,287,135,33,-3.6,8.50%,10.40%,17.10%,56.40%,7.30%
Richard Jefferson,CLE,36,6-7,233,Arizona,USA,2001,1,13,74,410,128,59,-1.4,1.10%,8.50%,13.30%,58.50%,7.00%
Reggie Jackson,DET,26,6-3,208,Boston College,USA,2011,1,24,79,"1,489.00",253,492,2.5,2.20%,8.30%,28.30%,53.50%,34.40%
Reggie Bullock,DET,25,6-7,205,North Carolina,USA,2013,1,25,37,122,68,27,-7.3,3.00%,13.60%,11.30%,58.30%,10.00%
Raymond Felton,DAL,32,6-1,205,North Carolina,USA,2005,1,5,80,763,258,284,-1.6,1.70%,9.90%,17.90%,50.20%,20.50%
Ray McCallum,SAS,25,6-3,190,Detroit,USA,2013,2,36,41,137.00,47,60,2.1,1.60%,8.30%,16.40%,44.90%,18.50%
Raul Neto,UTA,24,6-1,179,None,Brazil,2013,2,47,81,476,120,174,3.3,1.20%,7.10%,17.20%,53.00%,19.00%
Rasual Butler,SAS,37,6-7,215,La Salle,USA,2002,2,52,46,124,56,24,7.3,0.80%,11.80%,12.30%,55.80%,7.90%
Rashad Vaughn,MIL,19,6-6,202,UNLV,USA,2015,1,17,70,217.00,88,39,-8.1,1.10%,7.70%,13.00%,39.80%,5.50%
Randy Foye,OKC,32,6-4,213,Villanova,USA,2006,1,7,81,474,156,161,1,1.40%,7.60%,15.70%,46.10%,14.40%
Ramon Sessions,WAS,30,6-3,190,Nevada-Reno,USA,2007,2,56,82,810,203,239,-1.4,1.50%,10.80%,21.40%,56.50%,22.80%
Rakeem Christmas,IND,24,6-9,250,Syracuse,USA,2015,2,36,1,4,1,0,-76.9,25.00%,0.00%,14.30%,100.00%,0.00%
Rajon Rondo,SAC,30,6-1,186,Kentucky,USA,2006,1,21,72,859.00,435,839,-2.8,3.00%,13.60%,18.60%,50.60%,47.30%
RJ Hunter,BOS,22,6-5,185,Georgia State,USA,2015,1,28,36,97,37,13,-4.2,0.60%,11.30%,15.00%,48.00%,6.80%
Quincy Acy,SAC,25,6-7,240,Baylor,USA,2012,2,37,59,307,188,27,-6,7.10%,13.90%,12.80%,62.90%,4.50%
Phil Pressey,POR,25,5-11,175,Missouri,USA,Undrafted,Undrafted,Undrafted,23,77,31,75,-6.4,0.90%,9.50%,17.40%,43.30%,39.50%
Paul Pierce,LAC,38,6-7,235,Kansas,USA,1998,1,10,68,417,186.00,71,1.2,1.00%,13.50%,17.70%,48.90%,8.80%
Paul Millsap,ATL,31,6-8,246,Louisiana Tech,USA,2006,2,47,81,"1,385.00",732,265,4,7.50%,18.90%,23.80%,55.60%,16.20%
Paul George,IND,26,6-9,220,Fresno State,USA,2010,1,10,81,"1,874.00",563,329,2.8,2.70%,16.50%,29.60%,55.70%,20.30%
Pau Gasol,CHI,35,7-0,250,None,Spain,2001,1,3,72,"1,187.00",793,294,-0.2,6.50%,24.90%,24.40%,52.90%,21.50%
Patty Mills,SAS,27,6-0,185,St.Mary's College of California,Australia,2009,2,55,81,690,158,226,12.1,1.70%,7.80%,18.90%,54.10%,19.70%
Patrick Patterson,TOR,27,6-9,235,Kentucky,USA,2010,1,14,79,543,342,94,9.2,4.00%,12.80%,12.70%,53.40%,7.00%
Patrick Beverley,HOU,27,6-1,185,Arkansas,USA,2009,2,42,71,700,250,239,3.5,3.50%,8.70%,15.30%,55.30%,17.50%
Pat Connaughton,POR,23,6-5,206,Notre Dame,USA,2015,2,41,34,36,32,10,-5,7.10%,12.60%,17.80%,35.20%,11.50%
Pablo Prigioni,LAC,39,6-3,185,None,Argentina,Undrafted,Undrafted,Undrafted,59,145.00,114,130,-4.1,4.50%,9.20%,10.80%,48.20%,23.50%
PJ Hairston,MEM,23,6-6,230,North Carolina,USA,2014,1,26,66,410.00,174,38,-5.9,1.80%,11.90%,16.10%,47.00%,4.50%
P.J. Tucker,PHX,31,6-6,245,Texas-Austin,USA,2006,2,35,82,652,512,177,-6.4,6.20%,13.80%,12.50%,50.60%,10.40%
Otto Porter Jr.,WAS,23,6-8,198,Georgetown,USA,2013,1,3,75,871.00,391,120,1.5,4.20%,13.20%,15.90%,56.40%,7.60%
Orlando Johnson,NOP,27,6-5,220,Cal-Santa Barbara,USA,2012,2,36,7,26,15,2,-18.3,3.10%,11.50%,16.70%,34.60%,3.10%
Omri Casspi,SAC,28,6-9,225,None,Israel,2009,1,23,69,813,410,95,1,3.00%,17.60%,17.40%,58.70%,7.40%
Omer Asik,NOP,29,7-0,255,None,Turkey,2008,2,36,68,269,414,26,-8.8,9.50%,25.80%,11.40%,55.10%,3.20%
O.J. Mayo,MIL,28,6-5,210,Southern California,USA,2008,1,3,41,321,105,118,-2.2,1.20%,8.20%,16.50%,47.40%,15.60%
Norris Cole,NOP,27,6-2,175,Cleveland State,USA,2011,1,28,45,477.00,151,167,-4.5,0.80%,12.20%,21.20%,46.50%,21.90%
Norman Powell,TOR,23,6-4,215,UCLA,USA,2015,2,46,49,273,111,47,4.8,2.30%,12.90%,17.40%,54.10%,10.20%
Noah Vonleh,POR,20,6-9,240,Indiana,USA,2014,1,9,78,283,305,30,-1.8,7.40%,18.40%,13.00%,47.10%,3.70%
Nikola Vucevic,ORL,25,7-0,260,Southern California,Montenegro,2011,1,16,65,"1,181.00",576,179,-1.2,8.40%,20.30%,26.50%,53.10%,15.40%
Nikola Pekovic,MIN,30,6-11,307,None,Montenegro,2008,2,31,12,54.00,21,11,-19.9,4.80%,9.80%,20.40%,45.90%,13.10%
Nikola Mirotic,CHI,25,6-10,220,None,Montenegro,2011,1,23,66,777,362,100,0.7,3.50%,17.40%,20.90%,56.40%,9.50%
Nikola Jokic,DEN,21,6-10,250,None,Serbia,2014,2,41,80,796,560,189,2.4,9.90%,22.30%,19.40%,58.20%,17.60%
Nik Stauskas,PHI,22,6-6,205,Michigan,Canada,2014,1,8,73,617,183,138,-11,1.20%,8.90%,16.30%,51.70%,11.90%
Nicolas Batum,CHA,27,6-8,200,None,France,2008,1,25,70,"1,046.00",428,403,4,2.20%,14.80%,20.90%,54.60%,26.20%
Nick Young,LAL,31,6-7,210,Southern California,USA,2007,1,16,54,392.00,97,34,-9.6,1.30%,8.10%,18.20%,48.30%,5.80%
Nick Collison,OKC,35,6-10,255,Kansas,USA,2003,1,12,59,123,171,52,2.3,9.50%,14.10%,10.50%,49.80%,10.30%
Nerlens Noel,PHI,22,6-11,228,Kentucky,USA,2013,1,6,67,747,542,122,-10.8,7.50%,19.50%,18.70%,54.40%,10.70%
Nene,WAS,33,6-11,250,None,Brazil,2002,1,7,57,525,259,97,1.3,4.90%,19.90%,21.80%,56.40%,14.50%
Nemanja Bjelica,MIN,28,6-10,240,None,Serbia,2010,2,35,60,308,210,82,-5.7,4.70%,15.60%,12.30%,59.40%,11.50%
Nazr Mohammed,OKC,38,6-10,250,Kentucky,USA,1998,1,29,5,8,4,0,-7.1,5.30%,14.30%,20.00%,68.00%,0.00%
Nate Robinson,NOP,32,5-9,180,Washington,USA,2005,1,21,2,0,0,4,-38.5,0.00%,0.00%,1.80%,0.00%,28.60%
Myles Turner,IND,20,6-11,243,Texas-Austin,USA,2015,1,11,60,619,332,41,-2.5,4.90%,18.20%,20.70%,53.10%,5.00%
Montrezl Harrell,HOU,22,6-8,240,Louisville,USA,2015,2,32,39,140,65,17,4.9,6.60%,9.80%,14.10%,63.50%,6.70%
Monta Ellis,IND,30,6-3,185,None,USA,2005,2,40,81,"1,121.00",271,383,1.8,1.50%,8.00%,20.80%,50.40%,22.20%
Mo Williams,CLE,33,6-1,198,Alabama,USA,2003,2,47,41,338,72,98,-3.5,0.80%,8.70%,22.20%,52.70%,23.10%
Mitch McGary,OKC,24,6-10,255,Michigan,USA,2014,1,21,20,26,18,3,-34.4,5.50%,20.00%,19.20%,47.40%,7.10%
Mirza Teletovic,PHX,30,6-9,242,None,Bosnia and He...,Undrafted,Undrafted,Undrafted,79,965,302,89,-4.6,3.00%,14.60%,22.90%,57.10%,8.80%
Miles Plumlee,MIL,27,6-11,249,Duke,USA,2012,1,26,61,314,232,16,-5.6,10.90%,15.30%,15.10%,60.60%,3.00%
Mike Scott,ATL,27,6-8,237,Virginia,USA,2012,2,43,75,464,206,78,5.2,4.60%,12.60%,17.10%,57.50%,10.60%
Mike Muscala,ATL,24,6-11,240,Bucknell,USA,2013,2,44,60,195.00,117,34,-3,6.80%,13.80%,15.20%,57.60%,9.90%
Mike Miller,DEN,36,6-8,218,Florida,USA,2000,1,5,47,63,53,40,-13.9,1.40%,12.70%,8.90%,50.80%,15.90%
Mike Dunleavy,CHI,35,6-9,230,Duke,USA,2002,1,3,31,222,83,39,-5.2,1.10%,10.50%,14.10%,54.30%,7.60%
Mike Conley,MEM,28,6-1,175,Ohio State,USA,2007,1,4,56,857,164,342,1.2,1.50%,8.20%,22.50%,53.80%,32.40%
Michael Kidd-Gilchrist,CHA,22,6-7,232,Kentucky,USA,2012,1,2,7,89,45,9,13.9,5.80%,14.60%,17.30%,60.30%,6.90%
Michael Carter-Williams,MIL,24,6-6,190,Syracuse,USA,2013,1,11,54,623,276,281,-3.6,3.00%,13.80%,20.60%,49.70%,26.40%
Michael Beasley,HOU,27,6-10,235,Kansas State,USA,2008,1,2,20,255,98,16,-8.3,7.30%,17.30%,28.40%,56.30%,8.60%
Meyers Leonard,POR,24,7-1,245,Illinois,USA,2012,1,11,61,511,314,92,3.2,3.70%,19.20%,17.40%,56.10%,10.30%
Metta World Peace,LAL,36,6-7,260,St. John's,USA,1999,1,16,35,176,89,27,-4.9,2.90%,11.20%,16.20%,43.50%,7.80%
Maurice Harkless,POR,23,6-9,215,St. John's,USA,2012,1,15,78,498,280,67,1.3,6.80%,11.70%,15.30%,54.10%,6.80%
Matthew Dellavedova,CLE,25,6-4,198,St.Mary's College of California,Australia,Undrafted,Undrafted,Undrafted,76,569.00,162,337,10.3,1.80%,6.80%,15.50%,52.70%,26.50%
Matt Bonner,SAS,36,6-10,235,Florida,USA,2003,2,45,30,76,27,9,14,1.80%,11.90%,14.00%,64.70%,6.10%
Matt Barnes,MEM,36,6-7,226,UCLA,USA,2002,2,45,76,758.00,420,163,-4.5,3.60%,16.00%,17.50%,50.30%,11.70%
Mason Plumlee,POR,26,6-11,235,Duke,USA,2013,1,22,82,749.00,628,226,1.6,9.60%,20.30%,17.10%,56.40%,16.10%
Marvin Williams,CHA,30,6-9,237,North Carolina,USA,2005,1,2,81,948,521,110,5,5.30%,16.50%,16.60%,58.50%,7.40%
Marreese Speights,GSW,28,6-10,255,Florida,USA,2008,1,16,72,512.00,239,61,1.1,9.20%,18.20%,29.30%,50.60%,12.60%
Markieff Morris,WAS,26,6-10,245,Kansas,USA,2011,1,13,64,765,352,124,-2.3,4.30%,17.70%,24.00%,48.90%,12.50%
Markel Brown,BKN,24,6-3,190,Oklahoma State,USA,2014,2,44,62,363,122,91,-11,2.30%,10.60%,18.30%,50.00%,14.20%
Mario Hezonja,ORL,21,6-8,218,None,Croatia,2015,1,5,79,478,176,109,-0.1,1.90%,10.80%,16.60%,54.10%,11.30%
Mario Chalmers,MIA,30,6-2,190,Kansas,USA,2008,2,34,61,628.00,157,230,2.3,1.80%,9.70%,21.40%,56.10%,27.00%
Marcus Thornton,WAS,29,6-4,205,Louisiana State,USA,2009,2,43,61,590,150,84,0.8,3.20%,9.90%,23.50%,51.10%,12.50%
Marcus Smart,BOS,22,6-4,220,Oklahoma State,USA,2014,1,6,61,558,255,185,2.5,4.10%,10.20%,16.80%,46.30%,16.20%
Marcus Morris,DET,26,6-9,235,Kansas,USA,2011,1,14,80,"1,131.00",404,201,2.4,3.00%,11.40%,18.20%,53.10%,10.70%
Marco Belinelli,SAC,30,6-5,210,None,Italy,2007,1,18,68,696,117,127,-5.7,0.60%,6.40%,19.30%,50.00%,11.70%
Marcin Gortat,WAS,32,6-11,240,None,Poland,2005,2,57,75,"1,012.00",741,106,1.3,9.60%,22.60%,18.60%,59.20%,7.20%
Marcelo Huertas,LAL,33,6-3,200,None,Brazil,Undrafted,Undrafted,Undrafted,53,237,90,182,1.7,2.00%,8.20%,16.10%,48.80%,32.70%
Marc Gasol,MEM,31,7-1,255,None,Spain,2007,2,48,52,861.00,362,196,0.1,3.30%,17.90%,23.70%,52.80%,19.50%
Manu Ginobili,SAS,38,6-6,205,None,Argentina,1999,2,57,58,555,146,177,14.6,2.50%,10.10%,22.70%,57.30%,23.40%
Luol Deng,MIA,31,6-9,220,Duke,United Kingdo...,2004,1,7,74,911,443,140,0.5,4.70%,13.90%,16.80%,54.90%,8.70%
Luke Babbitt,NOP,27,6-9,225,Nevada-Reno,USA,2010,1,16,47,327,148,53,-2.5,2.80%,14.70%,16.80%,52.60%,9.20%
Luis Scola,TOR,36,6-9,240,None,Argentina,2002,2,55,76,664,360,66,-1.9,5.20%,17.90%,19.00%,52.30%,6.60%
Luis Montero,POR,23,6-7,185,Westchester C.C.,Dominican Rep...,Undrafted,Undrafted,Undrafted,12,14.00,4,1,-47.8,0.00%,10.80%,25.50%,33.70%,6.70%
Lucas Nogueira,TOR,23,7-0,220,None,Brazil,2013,1,16,29,65,46,7,4.3,7.90%,11.70%,12.00%,64.20%,4.40%
Luc Mbah a Moute,LAC,29,6-8,230,UCLA,Cameroon,2008,2,37,75,231,171,30,8.3,4.90%,8.10%,9.50%,49.80%,3.20%
Lou Williams,LAL,29,6-1,175,None,USA,2005,2,45,67,"1,028.00",169,167,-10.2,1.50%,7.20%,22.10%,58.40%,14.90%
Lou Amundson,NYK,33,6-9,220,UNLV,USA,Undrafted,Undrafted,Undrafted,29,52,49,12,-11.1,9.80%,11.80%,16.60%,40.10%,10.70%
Lorenzo Brown,DET,25,6-5,189,North Carolina State,USA,2013,2,52,8,20.00,7,11,-24.5,0.00%,14.60%,24.80%,37.40%,30.60%
Leandro Barbosa,GSW,33,6-3,194,None,Brazil,2003,1,28,68,433.00,117,82,2.6,2.50%,7.90%,17.40%,54.50%,11.20%
LeBron James,CLE,31,6-8,250,None,USA,2003,1,1,76,"1,920.00",565,514,11.4,4.20%,16.70%,30.50%,58.80%,33.90%
Lavoy Allen,IND,27,6-9,255,Temple,USA,2011,2,50,79,428.00,424,76,6,10.10%,15.90%,12.80%,53.20%,7.00%
Larry Nance Jr.,LAL,23,6-9,230,Wyoming,USA,2015,1,27,63,349,312,44,-3.4,7.60%,16.50%,12.40%,54.40%,5.50%
Langston Galloway,NYK,24,6-2,200,St. Joseph's (PA),USA,Undrafted,Undrafted,Undrafted,82,625,288,207,-2.6,2.00%,11.50%,15.10%,49.00%,16.10%
Lance Thomas,NYK,28,6-8,235,Duke,USA,Undrafted,Undrafted,Undrafted,59,484,131,53,-0.6,2.70%,6.90%,16.60%,55.70%,6.60%
Lance Stephenson,MEM,25,6-5,230,Cincinnati,USA,2010,2,40,69,573.00,223,133,-2.5,2.90%,13.50%,19.40%,54.80%,15.20%
Lamar Patterson,ATL,24,6-5,225,Pittsburgh,USA,2014,2,48,35,84,50,39,4.2,1.00%,12.20%,12.30%,46.80%,13.40%
LaMarcus Aldridge,SAS,30,6-11,240,University of Texas at Austin,USA,2006,1,2,74,"1,331.00",632,110,11.7,8.40%,19.90%,25.80%,56.50%,8.10%
Kyrie Irving,CLE,24,6-3,193,Duke,Australia,2011,1,1,53,"1,041.00",157,250,5.8,2.60%,7.10%,28.50%,54.00%,25.30%
Kyle Singler,OKC,28,6-8,228,Duke,USA,2011,2,33,68,231,141,24,-0.6,4.80%,8.70%,11.30%,48.10%,3.50%
Kyle O'Quinn,NYK,26,6-10,250,Norfolk State,USA,2012,2,49,65,309,250,72,-3.9,9.70%,20.80%,20.60%,52.00%,16.10%
Kyle Lowry,TOR,30,6-0,205,Villanova,USA,2006,1,24,77,"1,634.00",365,494,6.4,2.00%,11.10%,25.60%,57.80%,29.30%
Kyle Korver,ATL,35,6-7,212,Creighton,USA,2003,2,51,80,739,260,164,7.2,0.60%,9.60%,13.20%,57.70%,9.50%
Kyle Anderson,SAS,22,6-9,230,UCLA,USA,2014,1,30,78,350,244,123,8.6,2.20%,17.90%,14.30%,52.80%,14.00%
Kristaps Porzingis,NYK,20,7-3,240,None,Latvia,2015,1,4,72,"1,028.00",526,94,0.3,6.30%,18.40%,24.30%,51.80%,7.60%
Kris Humphries,ATL,31,6-9,235,Minnesota,USA,2004,1,14,53,343,218,36,-4.3,6.40%,19.00%,18.90%,51.70%,6.80%
Kostas Papanikolaou,DEN,25,6-8,235,None,Greece,2012,2,48,26,67,40,16,-2.4,2.70%,10.70%,14.10%,46.40%,7.70%
Kosta Koufos,SAC,27,7-0,265,Ohio State,USA,2008,1,23,78,529,423,33,-6.6,10.70%,17.00%,15.20%,54.00%,3.40%
Kobe Bryant,LAL,37,6-6,212,None,USA,1996,1,13,66,"1,161.00",247,184,-14.8,2.00%,11.10%,31.40%,46.90%,18.30%
Klay Thompson,GSW,26,6-7,215,Washington State,USA,2011,1,11,80,"1,771.00",306,166,14.6,1.40%,9.00%,26.00%,59.70%,9.40%
Kirk Hinrich,ATL,35,6-4,190,Kansas,USA,2003,1,7,46,137,70,73,1.3,1.20%,9.30%,11.30%,50.40%,17.30%
Khris Middleton,MIL,24,6-8,234,Texas A&M,USA,2012,2,39,79,"1,434.00",302,331,-0.8,1.60%,9.10%,22.40%,56.00%,18.30%
Kevon Looney,GSW,20,6-9,220,UCLA,USA,2015,1,30,5,9.00,10,0,-46.8,15.40%,35.30%,14.00%,64.30%,0.00%
Kevin Seraphin,NYK,26,6-10,278,None,France,2010,1,17,48,187,126,47,-7.6,5.60%,17.20%,21.90%,43.50%,15.70%
Kevin Martin,SAS,33,6-7,199,Western Carolina,USA,2004,1,26,55,514,110,58,-5.4,1.30%,9.00%,21.70%,52.00%,8.90%
Kevin Love,CLE,27,6-10,251,UCLA,USA,2008,1,5,77,"1,234.00",762,185,8.8,6.40%,25.80%,23.30%,55.30%,11.90%
Kevin Garnett,MIN,40,6-11,240,None,USA,1995,1,5,38,122,150,62,4.6,2.80%,23.50%,11.40%,49.10%,16.40%
Kevin Durant,OKC,27,6-9,240,Texas-Austin,USA,2007,1,2,72,"2,029.00",589,361,11.6,1.80%,18.80%,29.80%,63.40%,23.00%
Kentavious Caldwell-Pope,DET,23,6-5,205,Georgia,USA,2013,1,8,76,"1,105.00",282,138,2.6,2.30%,7.70%,17.70%,52.10%,7.50%
Kent Bazemore,ATL,26,6-5,201,Old Dominion,USA,Undrafted,Undrafted,Undrafted,75,872,379,171,2.3,1.30%,15.60%,19.50%,55.10%,12.70%
Kenneth Faried,DEN,26,6-8,228,Morehead State,USA,2011,1,22,67,835,581,79,-3.5,13.20%,21.00%,20.30%,57.70%,7.70%
Kendrick Perkins,NOP,31,6-10,270,None,USA,2003,1,27,37,91.00,128,31,-6,4.80%,19.60%,10.30%,52.90%,7.70%
Kendall Marshall,PHI,24,6-4,200,North Carolina,USA,2012,1,13,30,111,28,73,-13.1,0.50%,6.70%,17.90%,44.90%,26.60%
Kemba Walker,CHA,26,6-1,184,Connecticut,USA,2011,1,9,81,"1,689.00",357,421,3.8,1.90%,10.20%,26.10%,55.40%,25.30%
Kelly Oubre Jr.,WAS,20,6-7,205,Kansas,USA,2015,1,15,63,236,133,13,-2.6,3.50%,15.50%,16.60%,50.70%,2.90%
Kelly Olynyk,BOS,25,7-0,238,Gonzaga,Canada,2013,1,13,69,687,281,105,6.8,4.70%,13.80%,20.40%,56.10%,11.90%
Keith Appling,ORL,24,6-1,185,Michigan State,USA,Undrafted,Undrafted,Undrafted,5,6,1,1,27.6,0.00%,3.70%,20.00%,33.80%,5.90%
Kawhi Leonard,SAS,25,6-7,230,San Diego State,USA,2011,1,15,72,"1,523.00",493,186,14.1,4.20%,16.40%,25.20%,61.60%,12.80%
Karl-Anthony Towns,MIN,20,7-0,244,Kentucky,USA,2015,1,1,82,"1,503.00",858,161,-2.5,9.20%,24.20%,24.30%,59.00%,10.80%
KJ McDaniels,HOU,23,6-6,205,Clemson,USA,2014,2,32,37,89,42,10,14.9,6.70%,9.10%,17.90%,52.20%,5.90%
Jusuf Nurkic,DEN,21,7-0,280,None,Bosnia and He...,2014,1,16,32,263,175,40,-0.6,11.30%,20.00%,26.60%,46.00%,12.30%
Justise Winslow,MIA,20,6-7,225,Duke,USA,2015,1,10,78,502,403,118,2.4,3.80%,14.00%,12.20%,48.90%,7.70%
Justin Holiday,CHI,27,6-6,185,Washington,USA,Undrafted,Undrafted,Undrafted,53,239.00,90,56,-4,1.50%,9.80%,16.00%,48.90%,11.10%
Justin Harper,BKN,26,6-10,225,Richmond,USA,2011,2,32,5,13,1,0,-48.8,0.00%,3.80%,16.70%,59.70%,0.00%
Justin Anderson,DAL,22,6-6,228,Virginia,USA,2015,1,21,55,208,132,29,1.4,2.60%,16.70%,15.20%,52.20%,7.10%
Julius Randle,LAL,21,6-9,250,Kentucky,USA,2014,1,7,81,919,829,144,-14.1,6.90%,29.20%,20.90%,48.20%,11.10%
Jrue Holiday,NOP,26,6-4,205,UCLA,USA,2009,1,17,65,"1,089.00",195,391,0.6,1.40%,9.40%,28.30%,52.90%,36.50%
Josh Smith,HOU,30,6-9,225,None,USA,2004,1,17,55,332,192,90,-4.7,5.30%,15.40%,22.10%,43.90%,17.20%
Josh Richardson,MIA,22,6-6,200,Tennessee,USA,2015,2,40,52,341,107,73,1.8,2.00%,7.50%,13.40%,56.90%,9.80%
Josh McRoberts,MIA,29,6-10,240,Duke,USA,2007,2,37,42,150.00,105,81,0.6,3.90%,13.90%,14.80%,45.30%,20.40%
Josh Huestis,OKC,24,6-7,230,Stanford,USA,2014,1,29,5,14,10,0,4.6,3.80%,13.80%,13.50%,50.90%,0.00%
Jose Calderon,NYK,34,6-3,200,None,Spain,Undrafted,Undrafted,Undrafted,72,544,229,298,-1.7,1.10%,9.80%,12.40%,57.10%,21.30%
Jorge Gutierrez,CHA,27,6-3,189,California,Mexico,Undrafted,Undrafted,Undrafted,12,22,7,17,4.4,0.00%,9.20%,14.80%,69.40%,39.50%
Jordan Mickey,BOS,21,6-8,235,Louisiana State,USA,2015,2,33,16,21,13,1,5.8,9.10%,11.10%,19.30%,39.80%,3.00%
Jordan McRae,CLE,25,6-5,179,Tennessee,USA,2014,2,58,22,99,20,25,12.7,2.10%,7.50%,24.40%,54.80%,21.60%
Jordan Hill,IND,28,6-10,235,Arizona,USA,2009,1,8,73,645,451,87,1.3,10.00%,18.60%,20.10%,53.40%,9.60%
Jordan Hamilton,NOP,25,6-7,220,Texas-Austin,USA,2011,1,26,11,125,62,25,-10,3.90%,17.20%,20.30%,49.90%,12.80%
Jordan Farmar,MEM,29,6-2,180,UCLA,USA,2006,1,26,12,110,25,37,-11.7,1.20%,8.50%,17.80%,52.70%,19.80%
Jordan Clarkson,LAL,24,6-5,194,Missouri,USA,2014,2,46,79,"1,225.00",313,192,-12.1,3.30%,8.60%,22.50%,51.60%,13.90%
Jordan Adams,MEM,21,6-5,209,UCLA,USA,2014,1,22,2,7,2,3,14.8,0.00%,16.70%,28.60%,42.70%,27.30%
Jonathon Simmons,SAS,26,6-6,195,Houston,USA,2012,0,0,55,331,96,58,6.3,2.20%,9.90%,18.30%,58.60%,10.80%
Jonas Valanciunas,TOR,24,7-0,255,None,Lithuania,2011,1,5,60,768.00,547,42,3.7,12.50%,24.50%,20.40%,61.00%,4.50%
Jonas Jerebko,BOS,29,6-10,231,None,Sweden,2009,2,39,78,340,288,62,3,6.00%,17.00%,13.30%,53.10%,7.80%
Jon Leuer,PHX,27,6-10,228,Wisconsin,USA,2011,2,40,67,567,373,72,-2.2,5.80%,23.00%,19.50%,55.50%,9.00%
Johnny O'Bryant III,MIL,23,6-9,257,Louisiana State,USA,2014,2,36,66,200,176,32,-6.9,7.90%,13.30%,13.50%,44.10%,5.70%
John Wall,WAS,25,6-4,195,Kentucky,USA,2010,1,1,77,"1,531.00",379,789,1.7,1.50%,12.20%,28.00%,51.00%,44.90%
John Jenkins,PHX,25,6-4,215,Vanderbilt,USA,2012,1,23,43,178,57,35,-6.9,1.50%,9.40%,16.70%,52.20%,11.10%
John Henson,MIL,25,6-11,229,North Carolina,USA,2012,1,14,57,397,221,54,-6.8,9.20%,13.30%,18.80%,58.00%,9.60%
Joffrey Lauvergne,DEN,24,6-11,220,None,France,2013,2,55,59,465,290,56,-9.8,7.30%,20.40%,19.60%,56.70%,9.30%
Joel Anthony,DET,33,6-9,245,UNLV,Canada,Undrafted,Undrafted,Undrafted,19,18.00,21,1,-11,7.70%,13.50%,7.10%,66.60%,2.00%
Joe Young,IND,24,6-2,180,Oregon,USA,2015,2,43,41,154.00,50,65,-4.4,1.50%,10.60%,23.30%,42.80%,26.10%
Joe Johnson,MIA,35,6-7,240,Arkansas,USA,2001,1,10,81,992,292,318,-0.9,1.90%,9.20%,17.80%,53.80%,17.20%
Joe Ingles,UTA,28,6-8,226,None,Australia,Undrafted,Undrafted,Undrafted,81,342,151,96,-0.9,1.50%,10.90%,12.80%,57.20%,12.50%
Joe Harris,CLE,24,6-6,219,Virginia,USA,2014,2,33,5,3,3,2,-73.9,0.00%,33.30%,12.80%,37.50%,18.20%
Jodie Meeks,DET,28,6-4,210,Kentucky,USA,2009,2,41,3,22.00,5,3,3.9,2.20%,8.90%,23.20%,50.60%,14.30%
Joakim Noah,CHI,31,6-11,232,Florida,USA,2007,1,9,29,124,255,110,-1.2,12.30%,23.50%,13.70%,40.60%,25.60%
Jimmy Butler,CHI,26,6-7,220,Marquette,USA,2011,1,30,67,"1,399.00",358,321,-0.3,3.10%,10.30%,24.20%,56.20%,21.80%
Jimmer Fredette,SAS,27,6-2,195,Brigham Young,USA,2011,1,10,6,9,0,1,-65.8,0.00%,0.00%,22.50%,62.50%,50.00%
Jerryd Bayless,MIL,27,6-3,200,Arizona,USA,2008,1,11,52,541,141,163,-6,1.50%,8.10%,16.40%,56.80%,16.80%
Jerian Grant,NYK,23,6-4,195,Notre Dame,USA,2015,1,19,76,426.00,143,177,-6.5,1.70%,9.10%,18.50%,47.90%,23.60%
Jeremy Lin,CHA,27,6-3,200,Harvard,USA,Undrafted,Undrafted,Undrafted,78,914.00,253,235,2.2,2.00%,9.70%,21.70%,53.40%,19.20%
Jeremy Lamb,CHA,24,6-5,185,Connecticut,USA,2012,1,12,66,580,252,77,6.2,3.50%,15.70%,21.40%,52.90%,11.10%
Jeremy Evans,DAL,28,6-9,200,Western Kentucky,USA,2010,2,55,30,71.00,54,2,-5.6,4.20%,15.10%,10.90%,62.00%,1.30%
Jerami Grant,PHI,22,6-8,210,Syracuse,USA,2014,2,39,77,749,361,135,-10.7,4.60%,12.20%,17.90%,50.60%,10.60%
Jeff Withey,UTA,26,7-0,231,Kansas,USA,2013,2,39,51,217,173,20,3,8.90%,18.30%,14.90%,57.70%,5.10%
Jeff Teague,ATL,28,6-2,186,Wake Forest,USA,2009,1,19,79,"1,239.00",214,470,1.1,1.40%,7.40%,25.90%,55.10%,34.10%
Jeff Green,LAC,29,6-9,235,Georgetown,USA,2007,1,5,80,939.00,332,138,-1,3.30%,11.60%,20.40%,51.00%,10.20%
Jeff Ayres,LAC,29,6-9,250,Arizona State,USA,2009,2,31,17,30,22,5,-20.5,4.00%,15.40%,13.40%,58.50%,7.80%
Jason Thompson,TOR,29,6-11,250,Rider University,USA,2008,1,12,47,147.00,134,29,-1.1,6.70%,20.90%,13.70%,55.80%,9.40%
Jason Terry,HOU,38,6-2,185,Arizona,USA,1999,1,10,72,422.00,79,103,-0.8,1.10%,5.20%,14.60%,54.00%,12.50%
Jason Smith,ORL,30,7-0,240,Colorado State,USA,2007,1,20,76,546,219,62,-1.1,4.50%,14.40%,21.80%,51.30%,8.70%
Jarrett Jack,BKN,32,6-3,200,Georgia Tech,USA,2005,1,22,32,411,136,236,-6,0.90%,12.50%,20.90%,50.50%,34.00%
Jarnell Stokes,MEM,22,6-9,263,Tennessee,USA,2014,2,35,7,7,4,1,23.7,5.90%,15.00%,13.30%,59.50%,8.30%
Jarell Martin,MEM,22,6-10,239,Louisiana State,USA,2015,1,25,27,153.00,86,15,-4.1,9.10%,13.10%,17.90%,53.40%,6.50%
Jarell Eddie,WAS,24,6-7,218,Virginia Tech,USA,Undrafted,Undrafted,Undrafted,26,63,23,5,-12.4,1.20%,13.40%,19.10%,46.00%,5.80%
Jared Sullinger,BOS,24,6-9,260,Ohio State,USA,2012,1,21,81,834,673,187,5.3,9.40%,24.30%,21.60%,47.60%,14.80%
Jared Dudley,WAS,30,6-7,225,Boston College,USA,2007,1,22,81,638.00,286,171,1.7,2.60%,11.30%,12.70%,60.20%,11.20%
Jared Cunningham,CLE,25,6-4,195,Oregon State,USA,2012,1,24,44,120,38,20,-4.8,0.80%,8.80%,16.60%,46.40%,7.40%
James Young,BOS,20,6-6,215,Kentucky,USA,2014,1,17,29,29,26,9,-5.7,1.90%,11.30%,9.20%,38.40%,6.30%
James Michael McAdoo,GSW,23,6-9,240,North Carolina,USA,Undrafted,Undrafted,Undrafted,41,117.00,58,17,-17.1,10.70%,11.50%,19.40%,55.40%,11.00%
James Jones,CLE,35,6-8,218,Miami,USA,2003,2,49,48,178.00,50,14,-3.6,1.60%,8.70%,15.60%,58.00%,5.40%
James Johnson,TOR,29,6-9,250,Wake Forest,USA,2009,1,16,57,287,126,67,-0.2,3.10%,11.00%,15.70%,53.20%,11.30%
James Harden,HOU,26,6-5,220,Arizona State,USA,2009,1,3,82,"2,376.00",501,612,1.6,1.90%,14.00%,31.90%,59.80%,35.40%
James Ennis III,NOP,25,6-7,210,California State-Long Beach,USA,2013,2,50,22,159,42,21,-5.8,6.60%,6.90%,19.60%,62.10%,10.40%
James Anderson,SAC,27,6-6,213,Oklahoma State,USA,2010,1,20,51,179,86,41,-4.8,1.70%,9.10%,13.40%,46.90%,7.80%
Jameer Nelson,DEN,34,6-0,190,St. Joseph's (PA),USA,2004,1,20,39,299,115,190,-7.1,1.70%,9.70%,16.30%,46.40%,28.70%
Jamal Crawford,LAC,36,6-5,195,Michigan,USA,2000,1,8,79,"1,120.00",145,183,2,0.90%,5.80%,23.90%,52.90%,14.50%
Jahlil Okafor,PHI,20,6-11,275,Duke,USA,2015,1,3,53,928.00,373,65,-15.7,7.50%,16.00%,27.20%,53.60%,8.80%
Jae Crowder,BOS,25,6-6,235,Marquette,USA,2012,2,34,73,"1,038.00",373,135,4.8,2.80%,12.50%,18.10%,56.50%,8.70%
Jabari Parker,MIL,21,6-8,250,Duke,USA,2014,1,2,76,"1,070.00",395,130,-3.8,5.30%,11.40%,20.60%,53.50%,8.60%
JaVale McGee,DAL,28,7-0,270,Nevada-Reno,USA,2008,1,18,34,172,133,3,-6.2,13.60%,20.80%,20.60%,57.40%,1.50%
JaMychal Green,MEM,26,6-9,227,Alabama,USA,Undrafted,Undrafted,Undrafted,78,578.00,373,67,-1.3,9.20%,17.40%,18.80%,52.00%,7.40%
JaKarr Sampson,DEN,23,6-9,214,St. John's,USA,Undrafted,Undrafted,Undrafted,73,374,190,46,-7.1,3.80%,11.80%,16.50%,50.40%,6.20%
JR Smith,CLE,30,6-6,225,No College,USA,2004,1,18,77,955,217,130,6.5,1.80%,7.60%,17.70%,54.20%,8.20%
JJ Redick,LAC,32,6-4,190,Duke,USA,2006,1,11,75,"1,226.00",139,106,11.5,0.50%,5.70%,22.00%,63.20%,8.00%
JJ O'Brien,UTA,24,6-7,220,San Diego State,USA,Undrafted,Undrafted,Undrafted,2,0,1,0,-48.6,0.00%,20.00%,7.10%,0.00%,0.00%
JJ Hickson,WAS,27,6-9,242,North Carolina State,USA,2008,1,19,35,206,132,23,-7.2,8.30%,20.10%,22.00%,51.40%,9.10%
J.J. Barea,DAL,32,6-0,185,Northeastern,Puerto Rico,Undrafted,Undrafted,Undrafted,74,808,152,302,-2,1.50%,7.50%,22.90%,53.60%,30.10%
Ish Smith,PHI,27,6-0,175,Wake Forest,USA,Undrafted,Undrafted,Undrafted,77,972,305,502,-7.3,1.80%,11.40%,23.50%,46.50%,37.00%
Isaiah Thomas,BOS,27,5-9,185,Washington,USA,2011,2,60,82,"1,823.00",243,509,5,1.60%,7.10%,28.90%,56.20%,31.20%
Isaiah Canaan,PHI,25,6-0,201,Murray State,USA,2013,2,34,77,846,174,137,-12.3,0.90%,7.90%,19.10%,52.80%,12.00%
Iman Shumpert,CLE,26,6-5,220,Georgia Tech,USA,2011,1,17,54,311.00,203,92,7.8,2.50%,12.70%,13.00%,47.50%,10.00%
Ian Mahinmi,IND,29,6-11,250,None,France,2005,1,28,71,660,507,104,3.6,7.60%,19.70%,15.70%,60.30%,9.00%
Ian Clark,GSW,25,6-3,175,Belmont,USA,Undrafted,Undrafted,Undrafted,66,236.00,68,64,-7.6,2.30%,9.00%,19.30%,54.40%,17.10%
Hollis Thompson,PHI,25,6-8,206,Georgetown,USA,Undrafted,Undrafted,Undrafted,77,758,272,99,-8.8,2.40%,9.90%,15.70%,52.50%,7.20%
Henry Sims,BKN,26,6-10,248,Georgetown,USA,Undrafted,Undrafted,Undrafted,14,91,72,9,-15.7,7.20%,20.80%,16.80%,50.40%,5.40%
Hassan Whiteside,MIA,27,7-0,265,Marshall,USA,2010,2,33,73,"1,040.00",865,29,1.9,11.60%,28.20%,20.10%,62.90%,2.20%
Harrison Barnes,GSW,24,6-8,225,North Carolina,USA,2012,1,7,66,774,325,117,10.2,3.80%,11.40%,15.60%,55.90%,7.70%
Greivis Vasquez,MIL,29,6-6,217,Maryland,Venezuela,2010,1,28,23,130,47,91,-9.7,1.10%,9.30%,18.40%,43.50%,32.00%
Greg Smith,MIN,25,6-10,250,Fresno State,USA,Undrafted,Undrafted,Undrafted,18,43,42,6,-19.8,5.90%,16.90%,10.40%,54.50%,4.90%
Greg Monroe,MIL,26,6-11,265,Georgetown,USA,2010,1,7,79,"1,210.00",696,178,-2.4,9.90%,21.50%,23.10%,56.20%,12.80%
Gorgui Dieng,MIN,26,6-11,241,Louisville,Senegal,2013,1,21,82,827,585,143,-0.3,7.70%,19.60%,16.50%,60.10%,9.90%
Gordon Hayward,UTA,26,6-8,226,Butler,USA,2010,1,9,80,"1,578.00",397,296,1.6,2.20%,12.10%,25.00%,55.90%,18.10%
Goran Dragic,MIA,30,6-3,190,None,Slovenia,2008,2,45,72,"1,018.00",277,419,3.6,2.40%,9.10%,21.10%,53.70%,27.60%
Glenn Robinson III,IND,22,6-7,222,Michigan,USA,2014,2,40,45,171,68,26,-3.6,2.20%,10.90%,15.70%,50.80%,7.70%
Giannis Antetokounmpo,MIL,21,6-11,222,None,Greece,2013,1,15,80,"1,350.00",612,345,-3.1,4.20%,18.00%,22.10%,56.60%,19.50%
Gerald Henderson,POR,28,6-5,215,Duke,USA,2009,1,12,72,624,211,75,1.3,2.00%,12.10%,20.10%,52.60%,8.40%
Gerald Green,MIA,30,6-7,205,No College,USA,2005,1,18,69,616,163,56,0.9,1.70%,8.50%,19.20%,49.10%,5.70%
George Hill,IND,30,6-3,188,Indiana-Purdue Indianapolis,USA,2008,1,26,74,894,298,259,1.9,2.30%,9.30%,15.70%,55.50%,15.70%
Gary Neal,WAS,31,6-4,210,Towson,USA,Undrafted,Undrafted,Undrafted,40,390,83,47,-9.9,1.40%,9.30%,20.40%,55.80%,9.90%
Gary Harris,DEN,21,6-4,210,Michigan State,USA,2014,1,19,76,932,220,147,-4.1,2.10%,6.90%,16.00%,56.60%,9.30%
Garrett Temple,WAS,30,6-6,195,Louisiana State,USA,Undrafted,Undrafted,Undrafted,80,582,212,140,0,1.80%,9.10%,14.00%,52.00%,10.20%
Frank Kaminsky,CHA,23,7-0,240,Wisconsin,USA,2015,1,9,81,606,335,98,-0.9,3.80%,15.00%,16.60%,51.30%,9.50%
Festus Ezeli,GSW,26,6-11,265,Vanderbilt,Nigeria,2012,1,30,46,320,257,32,14.3,12.10%,19.60%,17.70%,55.90%,6.00%
Evan Turner,BOS,27,6-7,220,Ohio State,USA,2010,1,2,81,854,397,359,2,2.00%,14.50%,18.40%,51.30%,24.70%
Evan Fournier,ORL,23,6-7,205,None,France,2012,1,20,79,"1,213.00",225,214,-3.3,1.30%,7.70%,20.00%,58.70%,12.80%
Ersan Ilyasova,ORL,29,6-10,235,None,Turkey,2005,2,36,74,767,403,67,-4,6.90%,15.00%,18.00%,52.60%,5.50%
Erick Green,DEN,25,6-4,185,Virginia Tech,USA,2013,2,46,9,13,6,3,-1.2,8.10%,10.00%,13.80%,46.80%,10.70%
Eric Moreland,SAC,24,6-10,238,Oregon State,USA,Undrafted,Undrafted,Undrafted,8,8,11,1,6.7,6.70%,13.60%,9.60%,51.50%,2.90%
Eric Gordon,NOP,27,6-4,215,Indiana,USA,2008,1,7,45,686,99,121,-2.3,0.70%,5.90%,20.30%,56.50%,12.90%
Eric Bledsoe,PHX,26,6-1,190,Kentucky,USA,2010,1,18,31,632,125,190,-1.7,1.60%,10.00%,27.00%,55.70%,29.80%
Enes Kanter,OKC,24,6-11,245,None,Turkey,2011,1,3,82,"1,038.00",664,33,3.8,14.50%,23.00%,22.90%,62.60%,3.20%
Emmanuel Mudiay,DEN,20,6-5,200,None,Democratic Re...,2015,1,7,68,872,232,372,-3.1,1.50%,9.70%,25.00%,43.70%,28.10%
Elton Brand,PHI,37,6-9,254,Duke,USA,1999,1,1,17,70,63,18,-7,3.40%,22.00%,16.80%,46.10%,14.20%
Elliot Williams,CHA,27,6-5,190,Memphis,USA,2010,1,22,5,8,4,4,-4.6,2.40%,6.80%,13.80%,34.00%,14.30%
Elijah Millsap,UTA,28,6-6,225,Alabama-Birmingham,USA,Undrafted,Undrafted,Undrafted,20,36,35,19,7.4,3.30%,15.20%,14.10%,38.40%,16.40%
Elfrid Payton,ORL,22,6-4,185,Louisana-Lafayette,USA,2014,1,10,73,778,261,467,-1.4,3.40%,8.70%,19.80%,47.80%,31.70%
Edy Tavares,ATL,24,7-3,260,None,Cabo Verde,2014,2,43,11,25,21,3,-4.3,11.50%,19.70%,16.70%,55.50%,5.50%
Ed Davis,POR,27,6-10,240,North Carolina,USA,2010,1,13,81,526,599,88,1,12.50%,21.10%,12.50%,61.60%,7.80%
E'Twaun Moore,CHI,27,6-4,191,Purdue,USA,2011,2,55,59,443,133,99,-0.9,1.50%,8.20%,15.70%,54.80%,11.80%
Dwyane Wade,MIA,34,6-4,220,Marquette,USA,2003,1,5,74,"1,409.00",302,344,-0.4,3.80%,9.60%,31.00%,51.70%,26.70%
Dwight Powell,DAL,24,6-11,240,Stanford,Canada,2014,2,45,69,399.00,273,44,-2.3,8.20%,18.80%,17.50%,55.70%,7.70%
Dwight Howard,HOU,30,6-11,265,None,USA,2004,1,1,71,976,835,98,0.9,10.30%,26.10%,18.40%,60.40%,7.10%
Duje Dukan,SAC,24,6-9,220,Wisconsin,Croatia,Undrafted,Undrafted,Undrafted,1,6,4,1,-15.4,5.10%,6.90%,15.40%,30.00%,6.70%
Drew Gooden,WAS,34,6-10,250,Kansas,USA,2002,1,4,30,82,85,13,-12.2,8.30%,19.80%,16.90%,37.60%,6.60%
Draymond Green,GSW,26,6-7,230,Michigan State,USA,2012,2,35,81,"1,131.00",769,598,18,5.00%,19.80%,18.40%,58.70%,27.70%
Doug McDermott,CHI,24,6-8,225,Creighton,USA,2014,1,11,81,764.00,195,59,-3,1.90%,8.00%,16.60%,56.10%,4.90%
Donatas Motiejunas,HOU,25,7-0,222,None,Lithuania,2011,1,20,37,230,109,41,4,6.90%,12.40%,21.40%,50.40%,11.60%
Donald Sloan,BKN,28,6-3,205,Texas A&M,USA,Undrafted,Undrafted,Undrafted,61,424,173,268,-4.5,1.30%,11.90%,16.30%,53.60%,29.30%
Dirk Nowitzki,DAL,38,7-0,245,None,Germany,1998,1,9,75,"1,372.00",489,132,4.2,2.20%,18.20%,24.90%,55.50%,9.60%
Dion Waiters,OKC,24,6-4,220,Syracuse,USA,2012,1,4,78,762,202,154,4.4,1.60%,7.30%,17.30%,49.20%,10.30%
Dewayne Dedmon,ORL,26,7-0,245,Southern California,USA,Undrafted,Undrafted,Undrafted,58,255,228,13,-1.1,9.50%,22.30%,15.10%,60.60%,2.90%
Devyn Marble,ORL,23,6-6,200,Iowa,USA,2014,2,56,28,60,38,12,-1.2,2.10%,12.00%,15.30%,36.80%,7.20%
Devin Harris,DAL,33,6-3,185,Wisconsin,USA,2004,1,5,64,487,138,118,-2.6,1.40%,8.90%,16.80%,55.90%,14.90%
Devin Booker,PHX,19,6-6,206,Kentucky,USA,2015,1,13,76,"1,048.00",187,200,-8.4,1.20%,7.50%,22.80%,53.50%,16.20%
Derrick Williams,NYK,25,6-8,240,Arizona,USA,2011,1,2,80,746,296,75,-7,3.20%,16.90%,23.00%,55.00%,9.60%
Derrick Rose,CHI,27,6-3,190,Memphis,USA,2008,1,1,66,"1,080.00",225,311,-3.8,2.10%,7.80%,26.60%,47.90%,25.00%
Derrick Favors,UTA,24,6-10,265,Georgia Tech,USA,2010,1,3,62,"1,016.00",503,94,2.3,8.90%,18.00%,23.40%,55.10%,8.60%
Deron Williams,DAL,32,6-3,200,Illinois,USA,2005,1,3,65,918,190,378,0.1,0.90%,7.90%,21.80%,53.00%,29.50%
Dennis Schroder,ATL,22,6-1,172,None,Germany,2013,1,17,80,879,204,349,7.5,1.60%,10.60%,28.60%,51.00%,36.80%
Delon Wright,TOR,24,6-5,190,Utah,USA,2015,1,20,27,103,37,31,3.3,3.50%,12.00%,21.80%,54.00%,22.60%
DeMarre Carroll,TOR,29,6-8,212,Missouri,USA,2009,1,27,26,286,122,27,2.6,3.70%,11.80%,17.60%,49.00%,5.60%
DeMarcus Cousins,SAC,25,6-11,270,Kentucky,USA,2010,1,5,65,"1,748.00",747,214,1.3,7.00%,24.90%,35.10%,53.80%,16.70%
DeMar DeRozan,TOR,26,6-7,220,Southern California,USA,2009,1,9,78,"1,830.00",349,315,2.8,2.30%,10.30%,29.10%,55.00%,20.80%
DeJuan Blair,WAS,27,6-7,270,Pittsburgh,USA,2009,2,37,29,61.00,57,11,-9.5,8.10%,18.00%,16.60%,41.40%,7.70%
DeAndre Jordan,LAC,27,6-11,265,Texas A&M,USA,2008,2,35,77,980,"1,059.00",90,8.9,10.50%,28.60%,15.50%,62.80%,5.10%
David West,SAS,35,6-9,250,Xavier,USA,2003,1,18,78,554,309,143,12.2,5.50%,16.80%,17.50%,57.30%,15.00%
David Lee,DAL,33,6-9,245,Florida,USA,2005,1,30,55,427,305,84,-4,10.80%,21.80%,21.00%,56.80%,16.20%
Darrun Hilliard,DET,23,6-6,205,Villanova,USA,2015,2,38,38,152,45,27,-1.7,1.30%,10.30%,19.00%,51.10%,11.70%
Darren Collison,SAC,28,6-0,175,UCLA,USA,2009,1,21,74,"1,035.00",169,318,-1.6,1.20%,6.20%,19.00%,59.10%,21.90%
Darrell Arthur,DEN,28,6-9,235,Kansas,USA,2008,1,27,70,527,293,96,-1.8,5.50%,13.20%,16.50%,51.40%,10.20%
Dante Cunningham,NOP,29,6-8,230,Villanova,USA,2009,2,33,80,484,236,77,-6.3,2.80%,9.70%,11.00%,54.00%,5.60%
Danny Green,SAS,29,6-6,215,North Carolina,USA,2009,2,46,79,572,303,141,12.5,2.40%,12.10%,14.30%,49.20%,9.20%
Danilo Gallinari,DEN,27,6-10,225,None,Italy,2008,1,6,53,"1,036.00",281,135,-2.8,2.70%,12.70%,22.60%,58.20%,12.20%
Damjan Rudez,MIN,30,6-9,230,None,Croatia,Undrafted,Undrafted,Undrafted,33,75,20,11,-2.5,1.90%,5.60%,12.30%,57.20%,5.80%
Damien Inglis,MIL,21,6-8,246,None,France,2014,2,31,20,36,31,10,-13.7,1.30%,17.10%,14.90%,44.40%,11.20%
Damian Lillard,POR,25,6-3,195,Weber State,USA,2012,1,6,75,"1,879.00",302,512,1.6,1.60%,9.30%,30.40%,56.00%,33.00%
Dahntay Jones,CLE,35,6-6,225,Duke,USA,2003,1,20,1,13,5,2,1.5,2.40%,9.50%,15.60%,46.40%,6.70%
D.J. Augustin,DEN,28,6-0,183,Texas-Austin,USA,2008,1,9,62,467,95,198,-1,0.70%,7.20%,18.00%,57.50%,25.70%
D'Angelo Russell,LAL,20,6-5,195,Ohio State,USA,2015,1,2,80,"1,054.00",274,266,-11.7,1.90%,10.10%,23.80%,50.70%,21.30%
Cristiano Felicio,CHI,23,6-10,275,None,Brazil,Undrafted,Undrafted,Undrafted,31,105,102,26,8,9.40%,21.80%,13.50%,60.10%,11.50%
Courtney Lee,CHA,30,6-5,200,Western Kentucky,USA,2008,1,22,79,761,205,136,3,1.30%,7.70%,14.60%,55.10%,8.80%
Coty Clarke,BOS,23,6-7,225,Arkansas,USA,Undrafted,Undrafted,Undrafted,3,6,1,0,42.3,0.00%,20.00%,35.70%,75%,0.00%
Cory Joseph,TOR,24,6-3,190,Texas-Austin,Canada,2011,1,29,80,677,210,250,6.2,1.90%,8.00%,16.60%,51.20%,19.90%
Cory Jefferson,PHX,25,6-9,218,Baylor,USA,2014,2,60,8,22,16,0,-6.7,10.30%,18.50%,20.30%,44.60%,0.00%
Corey Brewer,HOU,30,6-9,186,Florida,USA,2007,1,7,82,590,199,109,-2.1,2.30%,9.00%,17.20%,48.10%,10.20%
Cole Aldrich,LAC,27,6-11,250,Kansas,USA,2010,1,11,60,328.00,288,50,-0.7,11.00%,25.20%,18.50%,62.60%,10.70%
Cody Zeller,CHA,23,7-0,240,Indiana,USA,2013,1,4,73,638,455,71,5,7.70%,17.80%,15.20%,59.20%,6.10%
Clint Capela,HOU,22,6-10,240,None,Switzerland,2014,1,25,77,542,494,47,3.7,12.30%,20.20%,15.60%,55.30%,5.00%
Cliff Alexander,POR,20,6-8,240,Kansas,USA,Undrafted,Undrafted,Undrafted,8,10,6,0,-20.4,6.50%,10.50%,13.40%,50.00%,0.00%
Cleanthony Early,NYK,25,6-8,210,Wichita State,USA,2014,2,34,17,31,26,6,0.3,2.40%,12.40%,14.70%,37.10%,5.80%
Chuck Hayes,LAC,33,6-6,240,Kentucky,USA,Undrafted,Undrafted,Undrafted,2,4.00,8,2,-2.3,0.00%,25.00%,11.30%,69.40%,13.30%
Christian Wood,PHI,20,6-11,220,UNLV,USA,Undrafted,Undrafted,Undrafted,17,61,38,3,-13,7.50%,15.50%,18.50%,49.00%,3.50%
Chris Paul,LAC,31,6-0,175,Wake Forest,USA,2005,1,4,74,"1,446.00",310,738,11,1.70%,10.50%,26.50%,57.50%,49.30%
Chris McCullough,BKN,21,6-11,200,Syracuse,USA,2015,1,29,24,112.00,68,9,-14.7,6.30%,12.60%,15.80%,47.00%,3.80%
Chris Kaman,POR,34,7-0,265,Central Michigan,USA,2003,1,6,16,44.00,24,11,-14.6,6.70%,14.80%,20.20%,49.60%,18.60%
Chris Johnson,UTA,26,6-6,206,Dayton,USA,Undrafted,Undrafted,Undrafted,70,205,132,45,2,3.20%,11.80%,13.10%,48.20%,8.20%
Chris Copeland,MIL,32,6-9,239,Colorado,USA,Undrafted,Undrafted,Undrafted,24,50,10,11,-25.7,0.60%,6.40%,16.90%,46.20%,12.00%
Chris Bosh,MIA,32,6-11,235,Georgia Tech,USA,2003,1,4,53,"1,010.00",390,128,0.5,2.80%,18.80%,24.70%,57.10%,12.90%
Chris Andersen,MEM,37,6-10,245,Blinn J.C.,USA,Undrafted,Undrafted,Undrafted,27,105,98,12,-10.1,8.80%,17.50%,10.80%,59.80%,4.50%
Chase Budinger,PHX,28,6-7,209,Arizona,USA,2009,2,44,66,271,150,64,-0.3,4.30%,11.50%,13.80%,51.40%,9.80%
Charlie Villanueva,DAL,31,6-11,232,Connecticut,USA,2005,1,7,62,319,152,24,-8,3.20%,19.30%,23.60%,47.30%,6.30%
Channing Frye,CLE,33,6-11,255,Arizona,USA,2005,1,8,70,425,234,71,4.8,3.00%,17.20%,15.30%,58.60%,8.60%
Chandler Parsons,DAL,27,6-10,230,Florida,USA,2011,2,38,61,837,285,169,0.3,1.70%,14.10%,20.40%,58.90%,15.80%
Caron Butler,SAC,36,6-7,228,Connecticut,USA,2002,1,10,17,63,22,10,-13.1,2.50%,9.80%,15.90%,49.00%,9.90%
Carmelo Anthony,NYK,32,6-8,240,Syracuse,USA,2003,1,3,72,"1,573.00",556,299,-0.9,3.90%,17.30%,29.10%,53.00%,20.90%
Carl Landry,PHI,32,6-9,248,Purdue,USA,2007,2,31,36,351,146,32,-9.3,8.10%,17.80%,23.60%,60.50%,10.20%
Cameron Payne,OKC,21,6-3,185,Murray State,USA,2015,1,14,57,283,85,108,-1.8,1.20%,10.80%,19.90%,49.00%,24.10%
Cameron Bairstow,DET,25,6-9,250,New Mexico,Australia,2014,2,49,18,34,28,6,-2.3,3.40%,20.30%,19.60%,39.10%,9.10%
CJ Miles,IND,29,6-6,231,None,USA,2005,2,34,64,753,175,63,0.2,1.70%,9.90%,22.10%,54.70%,6.90%
CJ McCollum,POR,24,6-4,200,Lehigh,USA,2013,1,10,80,"1,666.00",259,341,2.6,1.60%,7.50%,26.60%,54.40%,21.10%
C.J. Wilcox,LAC,25,6-5,195,Washington,USA,2014,1,28,23,70,12,10,6.3,0.60%,5.70%,19.00%,49.10%,9.00%
C.J. Watson,ORL,32,6-2,175,Tennessee,USA,Undrafted,Undrafted,Undrafted,33,142,66,88,-3.5,1.50%,8.40%,11.70%,46.10%,18.00%
Bryce Dejean-Jones,NOP,23,6-6,203,Iowa State,USA,Undrafted,Undrafted,Undrafted,14,79,48,15,-6.8,2.50%,15.70%,14.00%,50.50%,7.60%
Bryce Cotton,MEM,23,6-1,165,Providence,USA,Undrafted,Undrafted,Undrafted,8,8,0,3,-30.4,0.00%,0.00%,17.00%,40.00%,13.60%
Bruno Caboclo,TOR,20,6-9,205,None,Brazil,2014,1,20,6,3,2,1,-13.1,2.00%,2.10%,15.20%,12.50%,3.30%
Brook Lopez,BKN,28,7-0,275,Stanford,USA,2008,1,10,73,"1,501.00",573,146,-2.4,8.60%,15.30%,27.20%,56.20%,10.60%
Briante Weber,MIA,23,6-2,165,Va Commonwealth,USA,Undrafted,Undrafted,Undrafted,7,31.00,25,21,-21.2,3.70%,11.50%,11.70%,38.00%,17.50%
Brian Roberts,POR,30,6-1,173,University of Dayton,USA,Undrafted,Undrafted,Undrafted,51,205,41,54,-7,1.20%,7.50%,18.80%,55.20%,20.50%
Brandon Rush,GSW,30,6-6,220,Kansas,USA,2008,1,13,72,305,181,57,-0.9,2.10%,14.00%,12.50%,56.00%,7.20%
Brandon Knight,PHX,24,6-3,189,Kentucky,USA,2011,1,8,52,"1,018.00",202,263,-5.5,1.80%,9.00%,25.80%,52.20%,23.40%
Brandon Jennings,ORL,26,6-1,169,None,USA,2009,1,10,48,332,96,170,0.3,1.70%,9.20%,19.20%,49.10%,29.80%
Brandon Bass,LAL,31,6-8,250,Louisiana State,USA,2005,2,33,66,473,285,74,-0.9,7.40%,13.60%,13.60%,61.90%,8.80%
Branden Dawson,LAC,23,6-6,225,Michigan State,USA,2015,2,56,6,5,4,0,-29.5,9.10%,6.30%,7.80%,46.00%,0.00%
Brandan Wright,MEM,28,6-10,210,North Carolina,USA,2007,1,8,12,83,43,6,-11.1,6.60%,13.40%,15.20%,66.30%,5.00%
Bradley Beal,WAS,23,6-5,207,Florida,USA,2012,1,3,55,958,188,162,-0.2,2.40%,8.80%,24.50%,54.70%,15.30%
Boris Diaw,SAS,34,6-8,250,None,France,2003,1,21,76,485,233,176,10.2,4.50%,12.40%,16.40%,58.20%,18.20%
Bojan Bogdanovic,BKN,27,6-8,216,None,Croatia,2011,2,31,79,887,255,99,-9.2,1.70%,10.50%,19.00%,55.00%,7.30%
Bobby Portis,CHI,21,6-11,230,Arkansas,USA,2015,1,22,62,436,337,52,-7.6,10.10%,18.60%,20.30%,46.90%,7.60%
Boban Marjanovic,SAS,27,7-3,290,None,Serbia,Undrafted,Undrafted,Undrafted,54,297,194,21,4.5,15.40%,24.60%,22.00%,66.20%,7.20%
Blake Griffin,LAC,27,6-10,251,Oklahoma,USA,2009,1,1,35,749.00,294,170,7.3,4.40%,19.60%,28.90%,54.40%,25.80%
Bismack Biyombo,TOR,23,6-9,245,None,Democratic Re...,2011,1,7,82,454,655,29,3.1,10.00%,24.90%,11.40%,58.60%,2.50%
Beno Udrih,MEM,33,6-3,205,None,Slovenia,2004,1,28,44,205,72,116,-1.7,1.20%,9.10%,16.70%,49.60%,25.60%
Ben McLemore,SAC,23,6-5,195,Kansas,USA,2013,1,7,68,531,148,79,1.2,2.30%,7.60%,17.20%,53.10%,7.60%
Axel Toupane,DEN,23,6-7,210,None,France,Undrafted,Undrafted,Undrafted,21,76,31,15,-2.2,2.80%,7.60%,12.20%,49.00%,6.80%
Avery Bradley,BOS,25,6-2,180,Texas-Austin,USA,2010,1,19,76,"1,155.00",220,158,4.6,1.80%,6.50%,19.70%,53.80%,9.50%
Austin Rivers,LAC,23,6-4,200,Duke,USA,2012,1,10,67,593,130,99,-4,1.50%,7.00%,18.80%,52.30%,11.60%
Arron Afflalo,NYK,30,6-5,210,UCLA,USA,2007,1,27,71,909,266,144,-3.4,1.00%,9.80%,17.80%,53.10%,9.70%
Aron Baynes,DET,29,6-10,260,Washington State,Australia,Undrafted,Undrafted,Undrafted,81,514,384,51,-3.4,10.60%,20.20%,18.40%,56.30%,7.00%
Archie Goodwin,PHX,21,6-5,200,Kentucky,USA,2013,1,29,57,505.00,142,118,-9,2.30%,10.40%,22.70%,49.80%,17.40%
Anthony Tolliver,DET,31,6-8,240,Creighton,USA,Undrafted,Undrafted,Undrafted,72,383,229,52,0,2.60%,14.30%,12.20%,54.30%,5.80%
Anthony Morrow,OKC,30,6-5,210,Georgia Tech,USA,Undrafted,Undrafted,Undrafted,68,380,62,24,5.3,1.10%,5.40%,16.70%,54.30%,3.70%
Anthony Davis,NOP,23,6-10,253,Kentucky,USA,2012,1,1,61,"1,481.00",627,116,-4.1,5.90%,23.40%,29.00%,55.90%,10.00%
Anthony Brown,LAL,23,6-7,210,Stanford,USA,2015,2,34,29,115,70,19,-2.3,1.40%,10.10%,10.90%,42.70%,4.80%
Anthony Bennett,TOR,23,6-8,245,UNLV,Canada,2013,1,1,19,28,23,0,-19,5.90%,26.20%,16.60%,44.60%,0.00%
Andrew Wiggins,MIN,21,6-8,199,Kansas,Canada,2014,1,1,81,"1,675.00",291,164,-1.3,3.90%,6.60%,26.70%,54.30%,9.80%
Andrew Nicholson,ORL,26,6-9,250,St. Bonaventure,Canada,2012,1,19,56,384,201,25,2.8,4.10%,19.10%,20.50%,56.70%,5.00%
Andrew Goudelock,HOU,27,6-3,200,College of Charleston,USA,2011,2,46,8,22,2,4,8.3,2.10%,1.30%,23.40%,50.60%,11.80%
Andrew Bogut,GSW,31,7-0,260,Utah,Australia,2005,1,1,70,375,492,162,14.1,8.60%,22.90%,11.50%,62.30%,14.50%
Andrea Bargnani,BKN,30,7-0,245,None,Italy,2006,1,1,46,304,97,18,-14.7,4.20%,11.70%,22.70%,50.00%,5.10%
Andre Roberson,OKC,24,6-7,210,Colorado,USA,2013,1,26,70,337,251,47,9.2,5.30%,10.20%,9.20%,56.60%,3.90%
Andre Miller,SAS,40,6-3,200,Utah,USA,1999,1,8,39,144,51,87,2.8,3.10%,8.70%,15.60%,60.00%,27.60%
Andre Iguodala,GSW,32,6-6,215,Arizona,USA,2004,1,9,65,457,263,219,13.2,3.10%,11.00%,11.70%,56.50%,16.50%
Andre Drummond,DET,22,6-11,279,Connecticut,USA,2012,1,9,81,"1,314.00","1,198.00",67,2.4,13.50%,30.90%,23.90%,49.90%,4.20%
Anderson Varejao,GSW,33,6-11,273,None,Brazil,2004,2,30,53,138,141,35,2.8,6.80%,20.40%,14.30%,47.30%,10.20%
Amir Johnson,BOS,29,6-9,240,No College,USA,2005,2,56,79,577,505,138,4.6,9.20%,17.30%,13.60%,60.20%,11.00%
Amar'e Stoudemire,MIA,33,6-10,245,None,USA,2002,1,9,52,300,222,27,0,9.20%,20.60%,17.60%,59.90%,5.40%
Alonzo Gee,NOP,29,6-6,225,Alabama,USA,Undrafted,Undrafted,Undrafted,73,325,245,72,-4.4,3.50%,11.10%,9.10%,57.20%,6.30%
Allen Crabbe,POR,24,6-6,210,California,USA,2013,2,31,81,832,216,99,1,1.20%,8.60%,15.90%,57.20%,7.20%
Alexis Ajinca,NOP,28,7-2,248,None,France,2008,1,20,59,352,269,31,-2.6,8.50%,22.70%,20.10%,51.40%,5.90%
Alex Stepheson,MEM,28,6-10,270,Southern California,USA,Undrafted,Undrafted,Undrafted,8,22.00,28,2,-2,17.60%,10.80%,16.60%,34.10%,5.30%
Alex Len,PHX,23,7-1,260,Maryland,Ukraine,2013,1,5,78,703,594,97,-7.7,9.10%,22.30%,20.20%,48.20%,8.70%
Alec Burks,UTA,24,6-6,214,Colorado,USA,2011,1,12,31,412,109,63,0.5,1.90%,12.10%,24.60%,52.00%,14.00%
Alan Williams,PHX,23,6-8,260,California-Santa Barbara,USA,Undrafted,Undrafted,Undrafted,10,29,38,5,-0.7,16.50%,34.80%,19.40%,48.10%,9.60%
Alan Anderson,WAS,33,6-6,220,Michigan State,USA,Undrafted,Undrafted,Undrafted,13,65,27,14,8.2,0.50%,13.10%,15.10%,49.50%,11.20%
Al-Farouq Aminu,POR,25,6-9,215,Wake Forest,USA,2010,1,8,82,839.00,499,138,1.6,4.10%,16.80%,16.60%,53.30%,8.70%
Al Jefferson,CHA,31,6-10,289,None,USA,2004,1,15,47,562,301,70,2.5,5.00%,21.60%,24.00%,50.70%,11.40%
Al Horford,ATL,30,6-10,245,Florida,Dominican Rep...,2007,1,3,82,"1,249.00",596,263,4.2,5.60%,15.80%,20.20%,56.50%,16.50%
Adreian Payne,MIN,25,6-10,237,Michigan State,USA,2014,1,15,52,132,111,29,-12,4.40%,19.80%,17.50%,42.20%,9.30%
Aaron Harrison,CHA,21,6-6,210,Kentucky,USA,Undrafted,Undrafted,Undrafted,21,18.00,15,2,-3.4,4.50%,11.20%,13.20%,37.10%,3.30%
Aaron Gordon,ORL,20,6-9,220,Arizona,USA,2014,1,4,78,719.00,507,128,-1.4,8.00%,18.90%,16.90%,54.10%,10.30%
Aaron Brooks,CHI,31,6-0,161,Oregon,USA,2007,1,26,69,491,101,180,0,1.80%,6.80%,22.50%,49.40%,26.50%
